<?xml version="1.0"?>
<Root xmlns:xsi="http://www.w3.org/2001/XMLSchema-instance" xmlns:xsd="http://www.w3.org/2001/XMLSchema">
  <Groups>
    <Group GroupName="Group1">
      <Statistics>
        <AverageMath>43</AverageMath>
        <AveragePhysics>30</AveragePhysics>
        <AverageEnglish>64</AverageEnglish>
        <MedianMath>45</MedianMath>
        <MedianPhysics>35</MedianPhysics>
        <MedianEnglish>68</MedianEnglish>
        <ModusMath>
          <int>60</int>
          <int>25</int>
          <int>12</int>
          <int>86</int>
          <int>55</int>
          <int>32</int>
          <int>13</int>
          <int>66</int>
          <int>45</int>
        </ModusMath>
        <ModusPhysics>
          <int>13</int>
          <int>35</int>
        </ModusPhysics>
        <ModusEnglish>
          <int>78</int>
        </ModusEnglish>
      </Statistics>
      <Students>
        <Student Name="Alba Hopper">
          <Math>60</Math>
          <Physics>38</Physics>
          <English>65</English>
          <Average>53</Average>
        </Student>
        <Student Name="Harrison Perez">
          <Math>25</Math>
          <Physics>13</Physics>
          <English>40</English>
          <Average>24</Average>
        </Student>
        <Student Name="Regan Walton">
          <Math>12</Math>
          <Physics>35</Physics>
          <English>38</English>
          <Average>25</Average>
        </Student>
        <Student Name="Freya Barnes">
          <Math>86</Math>
          <Physics>45</Physics>
          <English>78</English>
          <Average>68</Average>
        </Student>
        <Student Name="Shantelle Farrow">
          <Math>55</Math>
          <Physics>63</Physics>
          <English>86</English>
          <Average>65</Average>
        </Student>
        <Student Name="Lillie Alfaro">
          <Math>32</Math>
          <Physics>15</Physics>
          <English>80</English>
          <Average>37</Average>
        </Student>
        <Student Name="Nicky Wickens">
          <Math>13</Math>
          <Physics>13</Physics>
          <English>78</English>
          <Average>28</Average>
        </Student>
        <Student Name="Kathy Foreman">
          <Math>66</Math>
          <Physics>35</Physics>
          <English>46</English>
          <Average>49</Average>
        </Student>
        <Student Name="Rohan Buckner">
          <Math>45</Math>
          <Physics>21</Physics>
          <English>68</English>
          <Average>42</Average>
        </Student>
      </Students>
      <Errors>
        <Error>
          <Type>Student not added</Type>
          <Description>Student with name 'Gabriele Wall' have corrupted data in file.</Description>
        </Error>
      </Errors>
    </Group>
    <Group GroupName="Group2">
      <Statistics>
        <AverageMath>47</AverageMath>
        <AveragePhysics>33</AveragePhysics>
        <AverageEnglish>64</AverageEnglish>
        <MedianMath>40</MedianMath>
        <MedianPhysics>33</MedianPhysics>
        <MedianEnglish>69</MedianEnglish>
        <ModusMath>
          <int>24</int>
        </ModusMath>
        <ModusPhysics>
          <int>32</int>
        </ModusPhysics>
        <ModusEnglish>
          <int>92</int>
          <int>78</int>
          <int>45</int>
          <int>87</int>
          <int>76</int>
          <int>72</int>
          <int>43</int>
          <int>21</int>
          <int>66</int>
          <int>64</int>
        </ModusEnglish>
      </Statistics>
      <Students>
        <Student Name="Celeste Blake">
          <Math>98</Math>
          <Physics>45</Physics>
          <English>92</English>
          <Average>77</Average>
        </Student>
        <Student Name="Kristy Mendez">
          <Math>65</Math>
          <Physics>50</Physics>
          <English>78</English>
          <Average>62</Average>
        </Student>
        <Student Name="Cheyenne Almond">
          <Math>87</Math>
          <Physics>34</Physics>
          <English>45</English>
          <Average>56</Average>
        </Student>
        <Student Name="Otto Gregory">
          <Math>32</Math>
          <Physics>32</Physics>
          <English>87</English>
          <Average>44</Average>
        </Student>
        <Student Name="Keiron Owen">
          <Math>45</Math>
          <Physics>4</Physics>
          <English>76</English>
          <Average>38</Average>
        </Student>
        <Student Name="Mehdi Gross">
          <Math>24</Math>
          <Physics>25</Physics>
          <English>72</English>
          <Average>35</Average>
        </Student>
        <Student Name="Mamie Fountain">
          <Math>24</Math>
          <Physics>32</Physics>
          <English>43</English>
          <Average>30</Average>
        </Student>
        <Student Name="Ruben Traynor">
          <Math>13</Math>
          <Physics>16</Physics>
          <English>21</English>
          <Average>15</Average>
        </Student>
        <Student Name="Keeley Derrick">
          <Math>35</Math>
          <Physics>56</Physics>
          <English>66</English>
          <Average>49</Average>
        </Student>
        <Student Name="Piers Perkins">
          <Math>55</Math>
          <Physics>42</Physics>
          <English>64</English>
          <Average>52</Average>
        </Student>
      </Students>
      <Errors />
    </Group>
    <Group GroupName="Group3">
      <Statistics>
        <AverageMath>46</AverageMath>
        <AveragePhysics>41</AveragePhysics>
        <AverageEnglish>71</AverageEnglish>
        <MedianMath>36</MedianMath>
        <MedianPhysics>42</MedianPhysics>
        <MedianEnglish>68</MedianEnglish>
        <ModusMath>
          <int>32</int>
        </ModusMath>
        <ModusPhysics>
          <int>55</int>
          <int>42</int>
          <int>23</int>
          <int>12</int>
          <int>61</int>
          <int>37</int>
          <int>29</int>
          <int>50</int>
          <int>64</int>
        </ModusPhysics>
        <ModusEnglish>
          <int>46</int>
          <int>53</int>
          <int>97</int>
          <int>68</int>
          <int>84</int>
          <int>64</int>
          <int>44</int>
          <int>87</int>
          <int>99</int>
        </ModusEnglish>
      </Statistics>
      <Students>
        <Student Name="Hettie Durham">
          <Math>74</Math>
          <Physics>55</Physics>
          <English>46</English>
          <Average>59</Average>
        </Student>
        <Student Name="Kiyan Shea">
          <Math>32</Math>
          <Physics>42</Physics>
          <English>53</English>
          <Average>39</Average>
        </Student>
        <Student Name="Easton Harvey">
          <Math>15</Math>
          <Physics>23</Physics>
          <English>97</English>
          <Average>38</Average>
        </Student>
        <Student Name="Terri Burnett">
          <Math>2</Math>
          <Physics>12</Physics>
          <English>68</English>
          <Average>21</Average>
        </Student>
        <Student Name="Gareth Fisher">
          <Math>87</Math>
          <Physics>61</Physics>
          <English>84</English>
          <Average>76</Average>
        </Student>
        <Student Name="Fraser Small">
          <Math>32</Math>
          <Physics>37</Physics>
          <English>64</English>
          <Average>40</Average>
        </Student>
        <Student Name="Lukasz Andrews">
          <Math>36</Math>
          <Physics>29</Physics>
          <English>44</English>
          <Average>35</Average>
        </Student>
        <Student Name="Rajveer Watt">
          <Math>52</Math>
          <Physics>50</Physics>
          <English>87</English>
          <Average>58</Average>
        </Student>
        <Student Name="Madina Lee">
          <Math>85</Math>
          <Physics>64</Physics>
          <English>99</English>
          <Average>80</Average>
        </Student>
      </Students>
      <Errors>
        <Error>
          <Type>Student not added</Type>
          <Description>Student with name 'Nabil Greig' have corrupted data in file.</Description>
        </Error>
      </Errors>
    </Group>
  </Groups>
  <Statistics>
    <AverageMath>45</AverageMath>
    <AveragePhysics>35</AveragePhysics>
    <AverageEnglish>66</AverageEnglish>
    <MedianMath>40.5</MedianMath>
    <MedianPhysics>35</MedianPhysics>
    <MedianEnglish>68</MedianEnglish>
    <ModusMath>
      <int>32</int>
    </ModusMath>
    <ModusPhysics>
      <int>13</int>
      <int>35</int>
      <int>45</int>
      <int>50</int>
      <int>32</int>
      <int>42</int>
    </ModusPhysics>
    <ModusEnglish>
      <int>78</int>
    </ModusEnglish>
  </Statistics>
</Root>