{
  "Groups": [
    {
      "GroupName": "Group1",
      "Statistics": {
        "AverageMath": 43,
        "AveragePhysics": 30,
        "AverageEnglish": 64,
        "MedianMath": 45.0,
        "MedianPhysics": 35.0,
        "MedianEnglish": 68.0,
        "ModusMath": [
          60,
          25,
          12,
          86,
          55,
          32,
          13,
          66,
          45
        ],
        "ModusPhysics": [
          13,
          35
        ],
        "ModusEnglish": [
          78
        ]
      },
      "Students": [
        {
          "Name": "Alba Hopper",
          "Math": 60,
          "Physics": 38,
          "English": 65,
          "Average": 53
        },
        {
          "Name": "Harrison Perez",
          "Math": 25,
          "Physics": 13,
          "English": 40,
          "Average": 24
        },
        {
          "Name": "Regan Walton",
          "Math": 12,
          "Physics": 35,
          "English": 38,
          "Average": 25
        },
        {
          "Name": "Freya Barnes",
          "Math": 86,
          "Physics": 45,
          "English": 78,
          "Average": 68
        },
        {
          "Name": "Shantelle Farrow",
          "Math": 55,
          "Physics": 63,
          "English": 86,
          "Average": 65
        },
        {
          "Name": "Lillie Alfaro",
          "Math": 32,
          "Physics": 15,
          "English": 80,
          "Average": 37
        },
        {
          "Name": "Nicky Wickens",
          "Math": 13,
          "Physics": 13,
          "English": 78,
          "Average": 28
        },
        {
          "Name": "Kathy Foreman",
          "Math": 66,
          "Physics": 35,
          "English": 46,
          "Average": 49
        },
        {
          "Name": "Rohan Buckner",
          "Math": 45,
          "Physics": 21,
          "English": 68,
          "Average": 42
        }
      ],
      "Errors": [
        {
          "Type": "Student not added",
          "Description": "Student with name 'Gabriele Wall' have corrupted data in file."
        }
      ]
    },
    {
      "GroupName": "Group2",
      "Statistics": {
        "AverageMath": 47,
        "AveragePhysics": 33,
        "AverageEnglish": 64,
        "MedianMath": 40.0,
        "MedianPhysics": 33.0,
        "MedianEnglish": 69.0,
        "ModusMath": [
          24
        ],
        "ModusPhysics": [
          32
        ],
        "ModusEnglish": [
          92,
          78,
          45,
          87,
          76,
          72,
          43,
          21,
          66,
          64
        ]
      },
      "Students": [
        {
          "Name": "Celeste Blake",
          "Math": 98,
          "Physics": 45,
          "English": 92,
          "Average": 77
        },
        {
          "Name": "Kristy Mendez",
          "Math": 65,
          "Physics": 50,
          "English": 78,
          "Average": 62
        },
        {
          "Name": "Cheyenne Almond",
          "Math": 87,
          "Physics": 34,
          "English": 45,
          "Average": 56
        },
        {
          "Name": "Otto Gregory",
          "Math": 32,
          "Physics": 32,
          "English": 87,
          "Average": 44
        },
        {
          "Name": "Keiron Owen",
          "Math": 45,
          "Physics": 4,
          "English": 76,
          "Average": 38
        },
        {
          "Name": "Mehdi Gross",
          "Math": 24,
          "Physics": 25,
          "English": 72,
          "Average": 35
        },
        {
          "Name": "Mamie Fountain",
          "Math": 24,
          "Physics": 32,
          "English": 43,
          "Average": 30
        },
        {
          "Name": "Ruben Traynor",
          "Math": 13,
          "Physics": 16,
          "English": 21,
          "Average": 15
        },
        {
          "Name": "Keeley Derrick",
          "Math": 35,
          "Physics": 56,
          "English": 66,
          "Average": 49
        },
        {
          "Name": "Piers Perkins",
          "Math": 55,
          "Physics": 42,
          "English": 64,
          "Average": 52
        }
      ],
      "Errors": []
    },
    {
      "GroupName": "Group3",
      "Statistics": {
        "AverageMath": 46,
        "AveragePhysics": 41,
        "AverageEnglish": 71,
        "MedianMath": 36.0,
        "MedianPhysics": 42.0,
        "MedianEnglish": 68.0,
        "ModusMath": [
          32
        ],
        "ModusPhysics": [
          55,
          42,
          23,
          12,
          61,
          37,
          29,
          50,
          64
        ],
        "ModusEnglish": [
          46,
          53,
          97,
          68,
          84,
          64,
          44,
          87,
          99
        ]
      },
      "Students": [
        {
          "Name": "Hettie Durham",
          "Math": 74,
          "Physics": 55,
          "English": 46,
          "Average": 59
        },
        {
          "Name": "Kiyan Shea",
          "Math": 32,
          "Physics": 42,
          "English": 53,
          "Average": 39
        },
        {
          "Name": "Easton Harvey",
          "Math": 15,
          "Physics": 23,
          "English": 97,
          "Average": 38
        },
        {
          "Name": "Terri Burnett",
          "Math": 2,
          "Physics": 12,
          "English": 68,
          "Average": 21
        },
        {
          "Name": "Gareth Fisher",
          "Math": 87,
          "Physics": 61,
          "English": 84,
          "Average": 76
        },
        {
          "Name": "Fraser Small",
          "Math": 32,
          "Physics": 37,
          "English": 64,
          "Average": 40
        },
        {
          "Name": "Lukasz Andrews",
          "Math": 36,
          "Physics": 29,
          "English": 44,
          "Average": 35
        },
        {
          "Name": "Rajveer Watt",
          "Math": 52,
          "Physics": 50,
          "English": 87,
          "Average": 58
        },
        {
          "Name": "Madina Lee",
          "Math": 85,
          "Physics": 64,
          "English": 99,
          "Average": 80
        }
      ],
      "Errors": [
        {
          "Type": "Student not added",
          "Description": "Student with name 'Nabil Greig' have corrupted data in file."
        }
      ]
    }
  ],
  "Statistics": {
    "AverageMath": 45,
    "AveragePhysics": 35,
    "AverageEnglish": 66,
    "MedianMath": 40.5,
    "MedianPhysics": 35.0,
    "MedianEnglish": 68.0,
    "ModusMath": [
      32
    ],
    "ModusPhysics": [
      13,
      35,
      45,
      50,
      32,
      42
    ],
    "ModusEnglish": [
      78
    ]
  }
}